<beans xmlns="http://www.springframework.org/schema/beans"
  xmlns:amq="http://activemq.apache.org/schema/core"
  xmlns:xsi="http://www.w3.org/2001/XMLSchema-instance"
  xsi:schemaLocation="http://www.springframework.org/schema/beans http://www.springframework.org/schema/beans/spring-beans.xsd
  http://activemq.apache.org/schema/core http://activemq.apache.org/schema/core/activemq-core.xsd">
 <!--
 Allows us to use system properties as variables in this configuration file 
-->
<bean class="org.springframework.beans.factory.config.PropertyPlaceholderConfigurer"/>
<broker  xmlns="http://activemq.apache.org/schema/core" brokerName="localhost" schedulerSupport="true">
 <!--  The transport connectors ActiveMQ will listen to  -->
	<transportConnectors>
	<transportConnector name="openwire" uri="tcp://localhost:61616" discoveryUri="multicast://default"/>
	 <!--
	 
					<transportConnector name="ssl"     uri="ssl://localhost:61617"/>
					<transportConnector name="stomp"   uri="stomp://localhost:61613"/>
					<transportConnector name="xmpp"    uri="xmpp://localhost:61222"/>
				
	-->
	</transportConnectors>
	 <!--
	 The store and forward broker networks ActiveMQ will listen to 
	-->
	<networkConnectors>
	 <!--  by default just auto discover the other brokers  -->
	<networkConnector name="default-nc" uri="multicast://default"/>
	 <!--
	
					<networkConnector name="host1 and host2" uri="static://(tcp://host1:61616,tcp://host2:61616)"/>
				
	-->
	</networkConnectors>
	 <!--
	 Use the following if you wish to configure the journal with JDBC 
	-->
	 <!--
	
				<persistenceAdapter>
				<journaledJDBC journalLogFiles="5" dataDirectory="${activemq.base}/activemq-data"  dataSource="#postgres-ds"/>
				</persistenceAdapter>
			
	-->
	 <!--  Or if you want to use pure JDBC without a journal  -->
	 <!--
	
				<persistenceAdapter>
				<jdbcPersistenceAdapter dataSource="#postgres-ds"/>
				</persistenceAdapter>
			
	-->
	 <!--   Use the following to set the broker memory limit
			 -->
	<systemUsage>
		<systemUsage>
			<memoryUsage>
				<memoryUsage limit="300 mb"/>
			</memoryUsage>
			<tempUsage>
				<tempUsage limit="20 gb"/>
			</tempUsage>
			<storeUsage>
				<storeUsage limit="20 gb"/>
			</storeUsage>
		</systemUsage>
	</systemUsage>
 <!--
 Use the following to configure how ActiveMQ is exposed in JMX
			<managementContext>
			<managementContext connectorPort="1099" jmxDomainName="org.apache.activemq"/>
			</managementContext>
		
-->
</broker>

</beans>
<!--  END SNIPPET: example  -->